{
  "Component-preload.js.map": 1745306215963,
  "ext/controller/ObjectPage.controller.js": 1744703040794,
  "ext/controller/Story.controller.js": 1744702948894,
  "manifest.json": 1745306215788,
  "Component.js": 1744702512657,
  "ext/controller/Story-dbg.controller.js": 1744702948894,
  "ext/controller/Story.controller.js.map": 1745306215904,
  "ext/controller/ObjectPage-dbg.controller.js": 1744703040794,
  "ext/controller/ObjectPage.controller.js.map": 1745306215907,
  "Component-dbg.js": 1744702512657,
  "Component.js.map": 1745306215906,
  "Component-preload.js": 1745306215963,
  "i18n/i18n.properties": 1744702528761,
  "index.html": 1744702512657
}